Tara,comp1,comp2,comp3,comp4,comp5,comp6,comp7,comp8,comp9,comp10,comp11,comp12,comp13,comp14,comp15,comp16
Afghanistan,0.7817366300569979,0.036517321181835205,0.0002351124465092296,0.029352707091158132,0.005026324160899053,0.036058191669170424,0.0033842924576482254,8.77844623910462e-05,0.0038001317814750483,0.0043131929968102225,0.0936280778715503,9.764715557575556e-06,0.00396711006956524,0.0017998738788480057,6.969050532710834e-05,1.3794654257350864e-05
Albania,0.24645489286822403,0.09186244347908577,0.004239859626132836,0.07318130592426728,3.35053214427702e-05,0.3866279434400108,0.01031664725681265,0.08862498975923701,0.026708817018812878,0.0001673840492577002,0.012041519181975964,0.033550563771341003,0.01699907609913379,0.00736951306130224,0.0018208860377194967,6.531052437996983e-07
Algeria,0.36049108076990144,0.2364022627243071,0.11209887669951803,0.0005789483088519329,0.025004870028807018,0.008009750588922263,0.0010632559470206498,0.15375333221825413,0.003759404175571852,0.003498418881930479,0.03623488496378305,0.03741729547915966,0.015581885452511738,0.002708196562670483,0.0033890287686584304,8.508430131721015e-06
Andorra,0.5363813256707252,0.016654579574299888,0.0002116095776522178,0.18874941387751895,0.02705077048923742,0.02669992573935987,0.12665437534242463,0.0033783977705778762,0.0003038400859708478,0.0019894157412631646,0.00843520610889422,0.03783041568781046,0.006010393028962295,0.01962708698134458,2.094354059922026e-05,2.3007833591715567e-06
Angola,0.850710962313661,0.008031147025935735,0.05543552984939731,0.001801811023354396,0.0027684026820834614,0.017690803609173827,0.0012278537554927817,0.03397629166294745,0.003505575074509592,0.018759330268167018,0.001955840174517038,0.0006975075535176175,0.0016564346233943791,0.0017458269621346769,3.658620595852972e-05,9.721575535205864e-08
Antigua and Barbuda,0.3023179618420389,0.012308996004070018,1.8607585761368895e-06,0.016807720953087746,0.01784595726647482,0.011675162336903541,0.05351070362310259,0.14600183860189558,0.012009699256443301,0.314542684037593,0.02638198745320098,0.07010892553034882,0.01140664557614781,0.004483335018556037,0.0005963038961959808,2.1784536475520272e-07
Argentina,0.8596712531933771,0.042507261936006145,0.05227381915078811,0.016594125284019618,0.004999088292379411,4.586429638538247e-05,1.848760365067754e-06,0.006187793704908227,0.003923503324054025,0.0034828872361496524,0.002806497359479114,0.0022116895043227747,0.00032554449806366793,0.00198883313265831,0.0029798494596492407,1.408673942879454e-07
Armenia,0.3110357260004966,0.06960241234407873,0.0008394937234833943,0.11585673409970926,0.0026218152327209367,0.24468236842541674,0.01905053227763221,0.1520856693210019,0.022282881332470375,0.025561386086674607,0.0015268802796755587,0.02064821858272057,0.005700320218908513,0.001139830309582318,0.0071307254949578265,0.0002350062704704864
Australia,0.8833364865196394,0.012765017279664328,0.028789858838851018,0.00867710202628022,0.0011404123661160929,0.04675034843863379,0.008132675133855568,0.003785250427397462,0.000464363819890476,0.004120223150482805,0.0009274275414104705,8.550714359710398e-05,5.159910460007557e-05,0.00010397820472107257,0.0008681487408331271,1.6012640270282383e-06
Austria,0.9352548231243537,0.01563493750715861,0.01486455245115502,0.010865933575970299,0.0005198663727387651,0.018282355948139293,2.1257472837268995e-06,0.0002756515695977401,8.897042871990045e-05,0.0002198990024285052,0.0024407389995008463,0.0010541053619519643,0.0003012155888087303,1.1040350171944568e-05,0.0001836204600836888,1.635119373373607e-07
Azerbaijan,0.0012956469766712251,0.18817810957763956,0.3028662407916805,0.08385278648637191,0.05661494760887991,0.21321430842142028,0.0009530080009325457,0.13485761934108317,0.0006088538581653405,0.0030432209312052385,0.00034536381611135716,0.009232088227977425,0.0034302452084068917,0.0005385821177668859,0.0009588152914971643,1.0163344190586521e-05
Bahamas,0.4515588245812993,0.08642498442548811,0.04122284607575856,0.0746208804621774,0.010731256538332807,0.2571326097625004,0.01149436696021556,0.011178233159231958,0.03208312691005766,0.0005639733440265057,0.005393194277676244,0.0002617261631048437,0.01672845865421193,0.00016367180895279036,0.0004341687894890292,7.678087476780605e-06
Bahrain,0.8242955164442044,0.01396202022906078,0.02090883651786679,0.015431276554264255,0.0009375941658544204,0.04793157333785354,0.00781566641105585,0.017728473678774833,0.0033747427147003324,3.861087862246509e-05,0.0019772250867645834,0.011843912480789823,0.0007150448481322853,0.032915620381342464,0.00010176901175053398,2.211725896279382e-05
Bangladesh,0.27925000781451764,0.15997928185503982,0.2003780685601868,0.0099946240202897,0.02694301772729191,0.04530096269040752,0.0022315073811957527,0.17502421601719265,0.011450261199257688,0.0301035384587851,0.0015691258258220052,0.0045114036994987235,0.015739634355534424,0.0055662088913644905,0.03194547897053072,1.2662533085100873e-05
Barbados,0.7078833306607811,0.03841150949650754,0.004199721612022829,0.1208926602298427,0.0009215788355206254,0.04754204933807399,0.05730845663080512,0.0011680128599756328,0.0005425968327991264,0.007163960642719573,0.009810819368279707,0.0016670247063108518,0.001427018750185969,1.0744422324690912e-05,0.0010470108043212814,3.504809529164623e-06
Belarus,0.016749418112614014,0.00578350437762455,0.22528522470873386,0.6095507809582795,0.06390425300089005,0.06136984103254017,0.0014936136887563286,0.005017183353797185,0.0004245722163934504,8.603219975927465e-05,0.002232661676451799,0.0010583419088007458,0.002779236949155462,0.003918597081410536,0.0003463999605693014,3.3877422393779065e-07
Belgium,0.8220208765563385,0.03015657922483665,0.08616775238861614,0.012145153230718771,0.0040618073874382965,0.01710718765445186,0.022831596729089836,0.00035550338988665124,0.0011541678532056893,0.0002875975722993456,0.0019794519143654606,0.0005733977675861615,0.0008720925099791517,7.360196927223007e-05,0.00021296143671842055,2.7241519680262914e-07
Belize,0.5291500469776272,0.053174527414897,0.22209643175423593,0.08761527806960259,0.03583021272712251,0.0018479746404046924,0.0017261871384153847,0.0020912563501926393,0.03199294824230147,0.004145105337836892,0.008148644088740957,0.00015954868086997745,0.004273597264859695,0.015298793166095928,0.0024254609748540234,2.398717194320305e-05
Benin,0.6191558167012315,0.09496777621227907,0.06898559246554502,0.09401019698861307,0.021575780777075285,0.02296071565336777,0.004796908383391134,0.05159455968908462,0.001454212404386437,0.0004655498332253536,0.0015286629059575703,0.014000468371936147,0.00036858148336362987,0.003646991236114573,0.00048755521330065825,6.316811281006747e-07
Bhutan,0.2618940905786293,0.2521562241786236,0.15596091200799386,0.0481509254421559,0.03292607637894012,0.05849168284108112,0.010197852049669729,0.09838227296704946,0.010412204294983813,0.008182272844224462,0.023545174100857415,0.03282682261735804,0.006274347399838712,0.0004308359975352035,0.00012307075426811674,4.523554679121552e-05
Bolivia,0.020882458084270656,0.01771460397418976,0.29610056737949814,0.02629823208745198,0.013833931275854295,0.34175397002369357,0.25851980611681774,0.00016318989442836175,0.0020199510385778695,0.009716540287593521,0.004092547921181447,1.4216588832321837e-07,0.0015116925314170762,0.007311090884698942,8.08393315083832e-05,4.370029298321343e-07
Bosnia and Herzegovina,0.6369174076660115,1.908245358946988e-05,0.024769222297559318,0.011024484007570516,0.0020006214900886075,0.034772360543445055,0.09040806043490433,0.0938752335344335,0.03956466926821663,0.020268774759987812,0.0001025628590496497,0.042161183629166925,0.002615746350142041,0.0011390188319001966,0.00035308096476607077,8.490909168452925e-06
Botswana,0.21864588085584205,0.695042363624917,0.05551581961083861,0.0014891274251204315,0.006039821920577676,0.004999869810143374,0.005864196053683347,0.0002101905386407836,0.00013867223969240078,0.00035839367936718104,0.005478627199934768,0.004852282933472492,0.00012232739030371763,0.0003791280727509768,0.000861991908364279,1.3067363507677268e-06
Brazil,0.10981793816868678,0.0973580821590949,0.0007708542748113583,0.00010617695767879473,0.028461626384157338,0.277181776843026,0.18232355702067762,0.0048818686377630404,0.10023798622084247,0.13924726756392242,0.041826276663365816,0.0016197073352152056,0.000199130621320468,0.009255546054066817,0.006708500604935008,3.7044904359539577e-06
Brunei Darussalam,0.8654015875057878,0.02663920994075552,0.0005114604931576104,0.004568974738566308,0.0008789643076872329,0.030205039782206258,0.00977654578610093,0.008541597298800654,3.0566238621089014e-06,0.031462430295615844,0.0034448227175795537,0.0005972598512171934,0.00047917773622782736,0.01729635469807771,0.0001921657794677162,1.3524448897097463e-06
Bulgaria,0.29084265089344125,0.06118820190986493,0.02433763418264384,0.14218899078419153,0.0002122970864577159,0.08214329950560395,0.01040659256750387,0.19632164656574463,0.014495190036039524,0.0003166435193465934,0.000328504593481111,0.006209659181459473,0.1426890782037211,0.02491447312411114,0.0034047501682177095,3.876781716505223e-07
Burkina Faso,0.8765662498104635,0.01935787842653652,0.033607576747387596,0.009609054277676589,0.00691579998822089,0.00010982649600224255,0.00014009795177581796,0.009188956286291438,0.026370945301722033,0.0047629134903631395,0.004205692947719699,0.0005117059560963351,0.00028402117685140583,0.006167562298668325,0.0021820612597461004,1.9657584478230915e-05
Burundi,0.7517179568379888,1.3281786886517087e-06,0.025501957813485684,0.01240887622126018,0.004294537491211362,0.0004520969527009037,0.012614506485461132,0.10696759717158036,0.010129149221057553,0.04134592892589962,0.025941449715241992,0.0031869722157271884,0.00044645631955763846,0.00018774088476116224,0.004781830864398988,2.1614700978647012e-05
Cambodia,0.515207578810749,0.005462109651501975,0.04015971886944304,0.002371639528267932,0.008857094964410776,0.06737568278857059,0.1521214195165526,0.021966082419025118,0.040301780228557085,0.045150787245409885,9.011005541202904e-06,0.0898767988430721,3.653065162283546e-05,0.0037976412291240535,0.007265008674977821,4.111557317388037e-05
Cameroon,0.8294272515294681,0.015757570105652468,0.025826715607676628,0.04179999620448615,0.014277093845369557,0.011117474270436788,0.0015377099309755702,0.03191912467886834,0.009556111677346815,1.1916332534662732e-05,0.00201176799644666,0.011259854661991774,0.0012710458843677662,0.0038107990094651757,0.00041532097997914774,2.472849345079281e-07
Canada,0.8964135874699439,0.016811833858023147,0.02089265477079653,0.056466485508081456,0.00024457614855447784,0.002264866255535219,0.0013167685604123407,0.00303442496181969,0.0004671899519431221,0.00013618469944726497,0.0010660005725026114,1.0684087316373126e-05,3.196251599366223e-05,2.9048477785386405e-06,0.0008398756989929435,9.285861027266686e-11
Cape Verde,0.06723131489615901,0.0637155737965969,0.018694165927495583,0.0953084680081334,0.07200426958411722,0.059764831769575096,0.2016443207219489,0.033166670736453664,0.16951572294399905,0.0377186106743925,0.1352773161796375,0.0002656730622931114,0.0011124934643707489,0.03678750046143425,0.006897901859264435,0.0008951659141284925
Central African Republic,0.8870507821918105,0.0020178419262296497,0.023419807045826142,0.03337549281839729,0.0009819206522304405,0.013512189301260288,0.010347787310521646,0.0003442362535664559,0.011276536072702214,0.0011538832757678299,0.007435815272220433,0.00358038937837383,0.0006814161536442288,0.0046643512764837,0.0001558902581259519,1.66081283926123e-06
Chad,0.8426846046191939,0.026158890843971116,0.03605183065507915,0.05205371620814925,0.007271996940037912,0.012589162104736866,0.0014714971923633709,0.00386111253875818,0.00452801674600567,0.0008404172961081887,0.01009117577065369,0.0015781547886989824,0.0006921570901300928,3.84229244387078e-06,0.00012252880045299474,8.961132168039205e-07
Chile,0.8519439985933442,0.01324752579596354,0.0536715521583385,0.012614431146874829,0.002006014512268036,0.015469126624603853,0.015964852655732744,0.008299028018061474,0.0035665581570211847,0.0020609544189251986,0.00015309157447902715,0.00020610893265288506,0.018703504915922244,0.0017099997807894464,0.00038209255064727555,1.1601643754860813e-06
China,0.45550367264559294,0.03847646867386462,0.0884533675824976,0.007810287108947164,0.0024977476565053412,0.015284335102653514,0.16691885966223288,0.0637756433440443,0.0028284803880464747,0.051863221662504455,0.0604148526672848,0.039859091513758785,2.067679010006768e-05,0.001347882976057735,0.00493618185980908,9.230366100236377e-06
Colombia,0.2691261601691573,0.006556603547539823,0.0007463019475392311,0.0014158614289645755,0.00467437682789272,0.011654337330951836,0.10009348284984089,0.41931820164835887,0.04115203624936578,0.0031221636764069624,0.09758445479207435,0.02463108032423824,3.471407066039215e-05,0.017540771438563692,0.002344796539506998,4.657158938390692e-06
Comoros,0.2489317827724457,0.18113625548558673,0.03276341760729615,0.1958737313528986,0.03960574263990076,0.1147696316868798,0.018826982672978346,0.03680478441927457,0.0473159663556671,6.107087762534942e-05,0.004449323117341311,0.07060087818494039,0.0018726539080125167,0.0024921648865932583,0.004495075123986153,5.389085731984247e-07
Congo,0.7029369770016413,0.002349462841629148,0.03301534244530066,0.0865366119317998,0.003774293657165923,0.0965596178079215,0.047390949151708085,0.001949246036103564,0.013188408628013156,0.0009651500113402452,0.001696606347370688,0.0027140294764641374,0.0019042983423803756,0.00230615726571023,0.0027125819254417566,2.6713000928973637e-07
Cook Islands,0.3799579448669135,0.001405138019779747,0.13096621464934247,0.03639546204337739,0.0019986311427004516,0.012102404714184558,0.3776267531209617,0.022607931444391244,0.0003168651703397443,0.0254966742691859,0.007219289360867537,0.0015010569120953595,0.000413401604054302,0.0005579939864560756,0.0014333540741110044,8.84621239009974e-07
Costa Rica,0.8497662365850663,0.004234411217146376,0.0005703779199855401,0.09724641592745625,0.001608326313026467,0.003821756498499395,0.0083098227965952,0.02333169204867608,0.00427115303713216,0.005465777215292247,0.0010604418448841536,0.00012278855606138363,0.00017101164304135404,1.4414511141974239e-05,4.007269436335589e-06,1.3666165589217039e-06
Cote d'Ivoire,0.8413162745049747,0.0015931053825157413,0.04682246082963295,0.012066520534091737,6.52938433690626e-05,0.0008228926200680239,0.021525324543349485,0.0014778343165097812,0.007121229269044212,0.00667728198006515,0.048735711942600714,0.009645734809323278,0.0009833199401928345,0.001066674587859091,4.0725209816188675e-05,3.961568658698517e-05
Croatia,0.6975595241101364,0.036801884856976705,0.12239918973512447,0.0009005279446853873,0.024200962148800347,0.04237645981392517,0.020171273120291603,0.011911957022754943,0.00987497470618731,0.02153057408635569,0.0055205627423460715,4.7315206750119915e-06,0.0056081575761175746,0.00010376271147526533,0.001034334226284824,1.1236778632358502e-06
Cuba,0.9186411575229454,0.00864248797839124,0.024482054514972602,0.007142482926279627,0.00021623750473452524,0.018912634767305946,0.004500624873125321,0.0023263928200766837,0.004891273926999561,0.003303996485416698,0.00032444702918936296,0.0023544419315796174,0.0023815860166936037,0.000548163865299506,0.0013306194855009774,1.3983514892550955e-06
Cyprus,0.8592178958340848,0.00272234138195007,0.055410095095634646,0.000181192886780641,0.005321977242502699,0.0043908482036248515,0.059094068279142514,0.002150234522734918,0.007028631369486772,8.881696951189766e-06,5.436493178872654e-05,3.904844586351088e-06,0.0031805372661384366,0.0010579847504693736,0.00017678655363143712,2.5514049256345747e-07
Czech Republic,0.5848374112523016,0.023174423986690895,0.2740488124273317,0.023506839928411603,0.027051385496433468,7.625834115445877e-06,0.030913986795073217,0.02394490718171957,0.0013259480122101935,0.004912684466982646,0.004440620141217294,3.6458945424811655e-05,1.8139475783119795e-06,0.0017716870456184852,2.3025511014247055e-05,2.3690278763535948e-06
Democratic People's Republic of Korea,0.0005454913474495623,0.18691247519340884,0.4639318950593599,0.0024604399953105935,0.09493110330161626,0.013710728315741858,0.08343936455997325,0.07245564224973729,0.0002275605726186538,0.012283081822385732,0.02286619283470505,0.011823677513790617,0.03227558964268912,0.0018391364584574555,0.00029748786890572025,1.332638501723619e-07
Democratic Republic of the Congo,0.8278733765188563,0.006853327306973671,0.06428311662783368,4.828998085002403e-05,0.0014648578901668085,1.0960200683188015e-06,0.019708133350081335,0.04518559744863263,0.0008120883090473944,0.010980125844175384,0.01615061666444023,0.005026073987732572,2.906400397427843e-05,0.0010556953244496528,0.0005285402594405094,4.6327720588100395e-10
Denmark,0.7318653286972447,0.030506367250414976,0.0557005829411806,0.08535999619241391,0.007132087927019597,0.051226395556658255,0.015558728373255275,0.003672122974413218,0.00013791781697867952,0.011370460145219046,0.0021901286986548154,0.0035427740353161,0.0011992835979503218,0.0002146058127920316,0.0003232172166802787,2.763808114497659e-09
Djibouti,0.544787256488877,0.000534151695724511,0.08328398160780856,0.005158573881605911,0.006529605900886576,0.002216902277186683,0.029407815800001368,0.020676610489918965,0.15481869327757866,0.0331251512455559,0.000647552174172937,0.11825647820011763,0.00045038015883253486,1.2740741574803824e-05,9.313184741716845e-05,9.74212740588747e-07
Dominica,0.4057130466896456,0.026933805116614886,0.000993740964489313,0.10438280156319421,0.003228803366213471,0.14473002587768966,0.2529533482780357,0.0166308165494977,2.5086322813333566e-05,0.030985162675621736,0.00628946485410457,0.005023327859676353,0.0009352848359238054,0.00012205409014098157,0.0010517283275176261,1.5026288210152725e-06
Dominican Republic,0.22032937231921712,0.021049189887574926,0.22273764345973462,0.0011369058851785792,0.02110425011007907,0.3564694175446993,0.031171113629678206,0.001914632437454847,0.0019461283730000047,0.0012949472899264328,0.053981940636764585,0.0500196131839632,2.342226456497726e-06,0.010000795368227145,0.006814301733081065,2.740591496442376e-05
Ecuador,0.35193226143817924,2.2857863263222812e-05,0.008435649107176339,0.03675461816312686,0.00407993278847632,0.04484122714456045,0.04822158935440589,0.34730290328506946,0.04439533646933027,0.012380761095316647,0.0829693092107828,3.029591932040975e-07,0.000245294279557343,0.017927428345417346,0.0004894258773945315,1.1026187500894239e-06
Egypt,0.030643730088672032,0.1948349866072403,0.5144490133175283,0.08722186417353629,0.03771993375024768,0.026482090257387923,0.021994675365141346,0.07316086860821473,0.003893158079672607,0.001899484775107044,0.0009342755131607512,0.004893853484409553,0.0015870942739014799,1.7642136145206855e-05,0.000267298182715316,3.138691935789773e-08
El Salvador,0.07987068642729783,0.029882110169523253,0.11985425941228284,0.003972914755602344,0.037640490198057173,0.015791993327069168,0.03008240822986457,0.27959151757019834,0.22853304515157602,0.07845545275995357,0.0439736550877237,0.002165361377524169,0.010549682424363374,0.027892136679207508,0.011725478529633342,1.8807900122771056e-05
Equatorial Guinea,0.7490609366891293,0.007132148478189144,0.0706400911231334,0.06675626399757417,0.0028179525631555177,0.04018296432168273,0.022489972542619998,0.007486707034587017,0.010157124118780324,0.0006685675329199626,0.015387023210681734,0.003931688623850945,0.00010670045547000745,0.00198292616360991,0.001198469575751363,4.635688644840969e-07
Eritrea,0.5815157916979246,0.09581192486582765,0.0007764481053020516,0.03884579863549343,0.05671065921300495,0.017317431956905147,0.019387447882245293,0.05245931792912891,0.012802414391986568,0.026456733531691083,0.029420538470159272,0.05631329058073254,0.0043403750734742445,0.003085649844290735,0.004661412656831438,9.476516500206059e-05
Estonia,0.1559605236969127,0.0240846569433777,0.3043594609674526,0.3278960872560224,0.0838223287511316,0.05276809843322933,0.01630052185823516,0.008387385442117097,0.0004999706940219812,0.016829772936238174,0.00019832527239904495,0.00018974234502399818,0.006656313350051544,0.0009348250188118054,0.0010858065305958124,2.618050437900831e-05
Ethiopia,0.8835688496777081,0.007769803381314609,0.0013866348712011944,0.007555523702962859,0.004777985201124972,0.017127908022522335,0.016425335493947757,0.00888367697660634,0.01582433133031305,0.0026701429223451767,0.011747662854103872,0.002820718325768614,0.008911057101859323,0.007465862997093888,0.003064140502043231,3.666390845510941e-07
Fiji,0.06334269631066905,0.056496764997762274,0.4885688727084762,0.09084792701218075,0.07342601524048543,0.0004541890741556028,0.02807543679714445,0.041764604237278846,0.07120355673179954,0.024405463390491274,0.04793213303250196,0.00033781530074296004,0.007431848006535992,0.0013074343860005248,0.004381609796184782,2.3632977590404e-05
Finland,0.9173020346843394,0.007485786307586674,0.0023771572303392537,0.014836871275782369,2.5960966355767614e-08,0.024810644782162317,0.006100407712164451,0.011731797462569412,0.0022323493114359077,0.005933952894227445,4.918625112144998e-06,0.002896577966021324,0.00044444653500096023,0.0035342707829902633,0.0003086563884351243,1.0208086670459704e-07
France,0.8342962711651235,0.025973665692136952,0.05335220989767153,0.039676414144527175,0.0014997059381065623,0.013120480222860557,0.013193329967339544,0.008725263268156034,0.004503563338325869,0.0008421928441833561,0.001322357434889464,0.0006795799714007879,0.0016076090176986965,0.00120662888981147,5.546646688111357e-07,1.7354309967541292e-07
Gabon,0.40311552591676164,0.004602912617179589,0.0964906137906352,0.2024551589094047,0.009660303214694039,0.05354526268937285,0.0450472283769989,0.1219227957174988,0.023755709775917993,0.0016554915021248671,0.02628354820917038,1.3292517012911005e-05,0.010235504689186497,0.0011251213885308986,7.69958253346432e-05,1.4534860176184458e-05
Gambia,0.42152563451270036,0.027064624858929354,0.06458240324534585,0.1380056575066682,0.02653415880470123,0.032321459580145505,0.046428685900848074,0.09829665170038897,0.009188336049312419,0.030045419168267418,0.09011031486893295,0.007890013865341081,0.007655513642656876,0.0003491647562833207,1.8201826220216286e-06,1.4135685644366516e-07
Georgia,0.1383177425075024,0.13034003370104413,0.4041668688016312,0.04026116512696591,0.045857533783131656,0.0796092832747914,0.04197575448495639,0.07506352481147095,0.021261635292892055,0.0014778197878979817,0.0021122095572413636,0.0008795362875165819,0.0016038883206932588,0.016766083462625998,0.0002745829041668051,3.233789547193912e-05
Germany,0.8985652109873853,0.016550712019901992,0.019749849921901066,0.03578600107665436,1.427699863703416e-05,0.0006356163938567109,0.00670710941536649,0.005146252597523989,4.517596921691299e-06,0.005697616105421284,0.004404508388007099,0.0035438230798154123,0.001547022113933897,0.0008720276963937314,0.0007754277592027041,2.7849077238371077e-08
Ghana,0.4095004310859698,0.009443694070991073,0.04321886859550965,0.13711836218006687,0.03424050108196456,0.09713642022169851,0.019755683839426854,0.1531760750448706,0.007619995986626063,0.009302273683565223,0.07108060680865406,0.0007380323470610251,0.007390388923562539,0.00018997528710896312,8.765945571222952e-05,1.0313872121026906e-06
Greece,0.9370128342024653,0.0063330089313363685,0.0028008924195838916,0.029028519956434018,6.804708212313457e-05,0.003918175203103234,0.013085297269601334,0.0003572428470192018,0.004056501542965572,0.0012315862673113616,4.273312328892016e-05,0.0003104724624016858,0.00027818466952218054,0.0010189931886789734,0.00045671622188536633,7.946122793754119e-07
Grenada,0.05390758784494984,0.057195526311717405,0.23437033760574552,0.006417453347789714,0.018601270770277685,0.3236054098424851,0.005610196792000264,0.17607418973299027,0.014712707922844263,0.015307911568783389,0.06133777124494853,1.837058174459204e-05,0.013957101362036347,0.009017374669910365,0.009866777673324284,1.272845249095274e-08
Guatemala,8.194112365732415e-05,0.011468696087417749,0.24095447518798274,0.04063334591295988,0.05924337811158461,0.006353383310274674,0.022681916180052362,0.2471603734806937,0.23428595272859762,0.0837325228996425,0.016344606528483026,0.00016270530699944092,0.019879433695119356,0.010807495920603491,0.00620374541885355,6.028107077906526e-06
Guinea,0.7566297159977085,0.05574804178445617,0.0670081337174083,0.0776018753205456,0.0096665060454193,0.008855580982908152,0.012718325847496915,0.0068723446838640815,0.0002565839183177728,2.5165922755952077e-06,0.0023107362067941056,0.0016179906539073407,7.57098069800989e-05,0.0005715248378509866,6.377722126850586e-05,6.363827987212471e-07
Guinea-Bissau,0.8669485936387313,0.02783600457180787,0.032082210519306986,0.018624971074034942,0.009235113215299585,0.00043487322347429046,0.00026317196809499916,0.009880416165393254,0.02849115351690993,2.859887482732331e-05,0.002976404777680696,0.0008350471752151842,3.7043901452730175e-05,2.0949621664214283e-05,0.002304863626465263,5.841296414781719e-07
Guyana,0.13053764798788375,0.00042091037744786293,0.17761703000214588,0.3028006012899087,0.006448253009331587,0.03209153685110496,0.005112771297176161,0.00055838526835803,0.07376539553295694,0.01677004809920339,0.013511335900999379,0.03449182061222312,0.20542617924920414,0.0001282173759937123,0.0002597874722542746,6.007967380799987e-05
Haiti,0.39461241047933626,0.01008452283057624,0.36935378692513054,1.0363707739466757e-07,0.018744791063994324,0.029626651142961796,0.12598503492739155,0.0014943857888921608,0.00392152733692656,0.0020848599649950046,0.0012157768503802627,0.014906159830151955,0.006746232010179899,0.0058219488241163945,0.01540180735641193,1.0314778332564243e-09
Honduras,0.055772353197111005,0.016632000319162423,0.058787846422872395,0.010301881735103546,0.015470650005664032,0.30388422356575046,0.18631522304686599,0.0001470012648780327,0.09372583043765759,0.012739198638893784,0.03141382399377154,0.17303531437763423,0.011903445009864129,0.005456504504119215,0.024399644956600665,1.5058524051071388e-05
Hungary,0.3033530216767515,0.062001600167085225,0.292966029504069,0.003051473902036443,0.035449497333069145,0.23771325142468233,0.005394736343997563,0.028954151642751638,0.00020177864052928101,0.0008880876917599534,0.01724895928372119,0.0028167872195067464,0.0015061287926890206,0.006035012850011512,0.0024194831413568586,3.859825133927674e-10
Iceland,0.8826841120648858,0.01310267236633206,0.005021925363232771,0.08776839935824547,6.942406609413825e-05,0.0012334784220534663,0.002150996174248277,0.001438231466868377,1.5245872378712465e-05,0.0014877790185542667,0.0006147044754412116,0.0004409585282809547,0.0012201171562512174,0.0006381552810436682,0.0021137419945214866,5.839156817565514e-08
India,0.021501868841957972,0.0779226203300447,0.09964527449957924,0.032616444134180106,0.7562618049275824,0.0034191136542338087,0.0038007537336549905,0.0030660180526864266,0.0009751019748030439,0.00023244254159138493,0.00010185993176893126,1.813246066543612e-05,0.0003625240708210709,5.847320976321327e-05,1.7567584848458396e-05,5.1818702076255476e-11
Indonesia,0.2231847551403468,0.12345711735882682,0.01652680391268582,0.056265709829824956,0.019488798608403798,0.00272313364523494,0.08193452342781181,0.1333876062216019,0.23992273596995442,9.523297300809437e-05,0.06497776306785606,9.350864336301861e-07,0.026935526235185313,0.0021597488500815615,0.008929415368722575,1.0194304021446082e-05
Iran (Islamic Republic of),0.22073373108016975,0.0006212838567887672,0.061287000355676205,0.37330916388138197,0.04696185553048921,0.0347285169788458,0.16007452522112958,0.040639809852035566,0.0009792709782384635,0.028260171928820854,0.0069453867022127415,0.007870084457990237,0.0005965872632486748,0.01689906090188867,7.886993121868767e-05,1.4681079864969143e-05
Iraq,0.008048066265069721,0.21864308848237432,0.009533535598407243,0.3034644819094355,0.0005720058377351601,0.036038500333842066,0.10481503602594189,0.08458048188492151,9.945434141689209e-05,0.0032793392648379667,0.13180678068298046,0.02355533124282382,0.028914844730065316,0.045107487174090945,0.001540519673386656,1.046552670731319e-06
Ireland,0.769625277532513,0.014027055658787865,0.010798004306502726,0.13861781325575917,1.817989743311954e-05,0.041256648309601664,0.0085612747502515,0.00019083314335546623,0.0031050583297886035,0.006067763733554145,0.004907042179879222,0.001320354702175676,0.0003633031550766964,0.0005236515304554293,0.0006153464430894077,2.3930717764175814e-06
Israel,0.875686909122038,0.016389099320866886,0.006418723688376288,0.0787482808516784,0.0007206081221362543,0.0036399250582107964,0.005267247628000531,0.0010191717224930464,0.0016577050812946468,0.005424134666830844,0.001737420665633446,0.0024919415077153863,0.0007640456363101006,2.5979186752780937e-05,8.390700392304708e-06,4.170412704083226e-07
Italy,0.8695845395704135,0.011187198763683076,0.0005453226946670637,0.1020897095082089,0.0006405404013370758,0.0052799448526565365,0.004145872249539957,0.0005946209729947808,0.00012966555234731106,0.0011043246126033858,0.0005243912750468504,0.00046505986535552523,0.00014339169195896,0.0024533626704831427,0.0011118794722151585,1.758464889119797e-07
Jamaica,0.4558936562782515,0.007643462191144776,0.024930956992701703,0.08131555304685126,0.013167450535308314,0.22081070919093998,0.025299927036764654,0.058746913225306105,0.0020540647409932992,0.0010630404813050925,0.006226846597879848,0.1007706353223662,0.000541077611096716,2.269428733240858e-05,0.0015126330732646973,3.7938849344483936e-07
Japan,0.7352225029876557,0.004983438081643807,0.026596989828142306,0.0030462064886872826,4.6967724434143606e-05,0.131734999144725,0.08228296089516604,0.0034473093844178022,0.001027421918446099,0.00044307061877404546,1.9073820671188967e-05,0.0032283307048641867,0.003594171626414243,0.0018283716629135102,0.0024969520180927697,1.2330949518655918e-06
Jordan,0.26798835635351254,0.09137979241632233,0.0013496848511190876,0.002196052728132409,0.0001371285652006927,0.3961413107289079,0.04662814914259299,0.03343426286421173,0.009023023386553608,0.03873762066570221,0.06615875256468107,0.04291912490815385,0.0012668257135893008,2.2133611361468763e-06,0.002620902194742455,1.6799555441788558e-05
Kazakhstan,0.19743678353364263,0.032141620048822164,0.06934967814539002,0.4267460105933345,0.024539750680202168,0.17630220191953114,0.0173007280993344,0.0034238052999601585,2.4127505053964628e-05,4.2722801033653805e-06,0.012872162083027274,0.0006937986318172621,0.01160698568995087,0.027547704194130378,1.0900552712884115e-06,9.281240428381719e-06
Kenya,0.8894654817532016,0.050931892251387445,0.005809921261282812,0.0076649402008151435,0.006233083766004397,0.006788209160732114,0.012893258422392388,0.001990445349495242,0.0015589591178597631,0.011718122056530098,0.0017513801108915246,1.109927738377905e-05,8.022376660407378e-06,0.001986605658796624,0.001188550811324694,2.8425241938528684e-08
Kiribati,0.05831073617350825,0.017325545567926502,0.4691225433106159,0.014357477893220092,0.09535945745192588,0.08093921203219512,0.11148684728310342,0.03790738320416528,0.008857928948915858,0.0027071626933841495,0.007422609270142748,0.04753234943424981,0.03886897873734946,0.00025632555265854497,0.009542705236600465,2.7372100384416633e-06
Kuwait,0.6632941793221412,0.005119530807467333,0.05017811687708124,0.010832963518968921,0.017905014992013475,0.15742063100319448,0.008228913830885585,0.01138220389115124,0.0007086848773973983,0.031008153126162827,0.001074287483790051,0.029073962194840503,0.007389939035627262,0.004437024554738292,0.001917571715074233,2.8822769465913074e-05
Kyrgyzstan,0.04545710057340419,0.13296474660243496,0.10163707647984768,0.6227972109241959,0.0033414904120369114,0.02011655302748343,0.017969443527057066,0.009322001626956516,0.0008249845613401126,0.026567111854100663,0.011773357732262442,0.00036276830531451946,0.0001948197310303709,0.0024600390123349384,0.004211146614621676,1.490155785331754e-07
Lao People's Democratic Republic,0.6125870593651627,0.0929719617455883,0.01954650601753621,8.372714756902215e-06,2.8866969294287003e-06,0.021797970748500532,0.0007939020097867245,0.057614508679877885,0.0617017651093364,0.029812907857644056,0.08785816866724203,0.0031787577701040534,0.0051055581024726775,0.0049639861286068145,0.002052676085998673,3.0123004565808494e-06
Latvia,0.18524630927928712,0.04394770545665881,0.2861710269785242,0.26522143408090587,0.0826471936604208,0.00011110422286869591,0.08529064783738916,9.868782597923954e-05,0.0005144392695240659,0.0008983054911149049,0.0007199460992736515,0.023018411692709267,0.015840069191991196,0.008096495396565755,0.0021591065984777336,1.911691830950684e-05
Lebanon,0.4361936962839994,0.002569637984020428,0.00017499973018513505,0.19425602370378653,0.01481612831755512,0.06667618269040587,0.2478382800879816,0.007005444550533293,5.811556416454032e-05,0.009549301827261705,0.0012633644416047893,0.0006348353223075922,0.0013202402619787285,0.017450747266879674,0.00017124868868482383,2.1753278650840103e-05
Lesotho,0.27612327167586936,0.633482887114371,0.04627899606104416,0.004939021420235411,0.006029826007450866,0.00013064141908742988,0.0014080487676114066,0.002627130334948663,0.0008688126717313815,0.00987140920910953,3.136966746008329e-05,0.011772184807554868,0.0007293912434129271,8.04945274961157e-05,0.005590672645833454,3.58424267834991e-05
Liberia,0.8063450480386585,0.012773734220165497,0.09241754345371948,0.002459238370511276,0.001990794335989698,2.8509051985123984e-05,0.03515328519907759,0.030922324236425682,0.0004420396627448789,0.009991205352362068,0.006090110426045487,0.0006832420833615826,0.00022411282132895065,5.682806106331435e-05,0.0004215556715870651,4.290149738204267e-07
Libyan Arab Jamahiriya,0.4354170319667,0.06410334374628494,0.3293652101096435,0.004651500382469156,0.037280037747887365,0.00028247489657029013,0.11657987141371062,0.0011298659349212785,0.0013724913905953514,0.0043964794250032305,0.0009667144856481326,0.0010334886087885321,1.9983282361895133e-07,0.0022713990091136867,0.001073422489798553,7.64685600417026e-05
Lithuania,0.14238080155469215,0.02237558235496461,0.391962889645804,0.2921545107479068,0.07232133015912001,0.060024828401272406,0.005705500093538588,0.0016210507992089446,0.0005696194959695777,0.0015306696549651421,0.000667442080948557,0.006607662408577887,0.00012794222747531208,0.0001939268195297002,0.0017352919425979959,2.0951613428297605e-05
Luxembourg,0.7317925364781667,0.0176890533128839,0.09892821856044626,0.009555057420880806,0.011794899459130724,0.09130958239167974,0.014072953611271883,0.003551888783486527,0.0003169255612470741,0.01689909369941484,0.0013394480022109435,0.0007069610412586995,1.6687512973087223e-05,0.0012992608592414948,0.0007272310409512709,2.0226475615855237e-07
Madagascar,0.6762246123632913,0.1166655301280772,0.037465689697961296,0.08325489909819893,0.022913332845615666,0.01804746076807844,0.0023925505885299602,0.02073099761710669,0.01583967610176573,0.00020571092595041618,0.005908617182723108,0.00015605558598592292,1.579255166678459e-08,0.00016026830083745874,3.457762065098232e-05,5.382675159795174e-09
Malawi,0.8229169706900643,0.06544142847995803,0.0069350583735919725,0.0002456574215651218,0.003609787443154873,0.005853834090101643,0.010668441611109289,0.00540099230346093,0.06057894123582348,0.010379908390235192,0.004276339318256236,0.0023665759575039248,7.55448379182131e-05,0.0011355517964023695,0.00011176607702878063,3.2019738256025464e-06
Malaysia,0.7637768454956145,0.04229268141905466,0.02675903712966156,0.009767249529762366,0.008454272778799404,0.0011787461428152974,0.00784213498460687,0.019929728770064093,0.013048544438958577,0.0677724940082653,0.015659296638174464,0.0035599780747926782,0.010115365666851641,0.005401521165796975,0.0044251292358988845,1.697452088271764e-05
Maldives,0.0011223692632262416,0.304246212537479,0.17995452662653932,0.038036762797736205,0.044121270366635434,0.2193356899361485,0.024084430466836677,2.235700030137786e-05,0.00014088745619231837,8.090008711867343e-05,0.06579254805357175,0.09082555729435793,0.012447822371843071,0.009484383479524636,0.010304088266920863,1.9399556800731535e-07
Mali,0.8925966235711852,0.023325800148329103,0.03926617624089892,0.025819629407194362,0.0025994971410517173,0.000410641747988344,0.0002899367502346307,0.00020135698800776512,0.0023385996398813218,0.00048622467378410674,0.00848937115424657,0.00028312611464912,0.001833115114928333,0.0010553026152923001,0.000956650525557813,4.794816677047714e-05
Malta,0.9222059493524538,0.009528655576433039,1.719688471571372e-05,0.043123122735516536,1.970742737733618e-05,6.144200924535292e-07,0.017044423957580622,0.00021647007254978732,0.0016050964872997159,0.003423532981316799,0.0013183403291668631,3.17771290499493e-05,0.0006002085628987892,0.00045497495425586185,0.00040925744271089805,6.716865818327873e-07
Marshall Islands,0.3175682634907202,0.00018295673497836714,0.17449219699416127,0.1454289600768394,0.016809221455478127,0.12366191988021337,0.006413534145025673,0.01636390473077449,0.01660004051123746,0.017217551762047173,0.06525053347855529,0.050755942960406614,0.028271022751630754,0.0016531796632872715,0.019328688507257465,2.082857387211889e-06
Mauritania,0.6659391144580076,0.05407375060629593,0.024479423387460255,0.008765435752733614,0.002399671090481913,0.08760582131016803,0.00023846085392011785,0.00307453266566287,5.21988953457776e-07,0.01503727536624257,0.12111104544348687,0.008693690385433009,0.002741158996600077,0.005449202753333459,0.0003500400658047826,4.085487541552006e-05
Mauritius,0.5283713328147076,4.017564465425848e-05,0.1319334219799818,0.02541701903126971,0.002886047545996274,0.004173311370059767,0.2725228088909175,0.002494873166157972,0.00038726009057687543,0.00894786320995738,0.014602368018834853,0.002996580022343288,0.002716242594617688,0.0003058318944904928,0.0022043085170448348,5.552083896548178e-07
Mexico,0.6999669027368423,0.0006429633008636198,0.04158034835072498,0.00883652588615095,0.009119656519072691,0.09586964420023046,2.9830318277286556e-05,0.0815706884670143,0.03752914307378062,0.0013444571069784615,0.001301475551263561,9.017336428068872e-05,0.020882135561696415,1.0040018358868191e-05,0.001225519905130107,4.956393347194186e-07
Micronesia (Federated States of),0.14104193206260737,0.04791120708179655,0.5443664978032912,0.00041511705503356956,0.0766544593726488,0.0008261772487997479,0.0558007707766226,0.00011413229637584433,0.01824586638687724,0.0037762779249832933,0.06474837304749065,0.01477059755142932,0.02223958993058161,0.007559902455627889,0.0015283130364579173,7.859693762360097e-07
Monaco,0.5220406636394946,0.020298567188088222,0.0005773041868227112,0.17804632091609013,0.02698824255641445,0.043943081657925126,0.0999785068312966,0.01155498008965229,0.0011420854322045212,0.00599680084336382,0.007062224510692737,0.04382946664107588,0.006890120238433912,0.030769216035109993,0.0008822793806160435,1.3985271899060626e-07
Mongolia,0.059135420012966906,0.004301508235349037,0.3271946547625774,6.081414206339015e-07,0.021586225755422944,0.4201396442879411,0.12512381226847022,0.028954443429627424,0.0019794198903543485,5.036676495951508e-05,0.0006752481236382778,0.0006802126416276692,0.010036261697480143,2.3127027687890577e-07,0.00013770637055118986,4.236347336435306e-06
Montenegro,0.31709926667238114,0.06492445650525278,0.0006197260903425721,0.007935720222604959,0.020699937258773594,0.00015326088921478032,0.023509355798545767,0.00014149135856717638,0.233890966409584,0.01842919348257174,0.260910960515869,4.15759014993325e-05,0.0011931327973691134,0.03521563198584145,0.015224551316896873,1.0772794685685636e-05
Morocco,0.189378948620934,0.13483572367348406,0.498107463816482,0.03141245729309673,0.07579216380901684,0.023686971060931844,0.000127125463194805,0.0025133109995434944,0.0015412183749629453,0.0007330690312427301,0.031910428135255235,0.000432043596234462,0.008027367392090116,0.0014966438750748689,2.4722722342320564e-06,2.592586221736797e-06
Mozambique,0.6865132070841212,0.047478468698094016,0.05138184291490873,0.021489228203902488,0.02634331079256044,0.0006465209224587562,0.003511756926199028,0.02254087129763725,0.06694227133861037,0.038007188618635196,0.02444403686472976,0.0009085675758357723,0.0006309815319354492,0.005509687687276217,0.0036519823881674164,7.715492770745344e-08
Myanmar,0.5690374630221945,0.22414241928639977,0.06252772226317647,0.0025843541652574233,0.05053812346118203,0.003456041342808618,0.00030085784624883584,0.018323882316182715,0.0032326732981573353,0.006579406020808875,0.015807605978771528,0.024333646409648774,0.010298896171951429,0.0050606428424763055,0.0037755144839641164,7.510907712563812e-07
Namibia,0.11439278598209969,0.7234480993021161,0.043990262538892655,0.0002566944388044243,0.008473797775828296,8.030908793511467e-05,0.0004786761617356723,0.0009975942165023415,0.06205910346171442,0.006755532414609756,0.03443453285354369,0.0040189761749625475,3.9209931750112365e-05,9.192600573520009e-05,0.00048108110169969533,1.4185520703172406e-06
Nauru,0.28761222055307517,0.1217063313697023,0.028143443154993307,0.2597074220068572,0.0009612625040501756,0.041369743337553895,0.13421435002132806,0.003331452405316748,0.0037912023868637824,0.0162465547846485,0.022036234322184777,0.07351159450446758,0.005855088584491177,0.001342019139752275,0.0001620368075327815,9.044117182304465e-06
Nepal,0.4877439480856681,0.1387672267403548,0.09584898909228935,0.006171715042280192,0.015982914360587044,0.047984175078685076,0.00013997662593313913,0.13808293891858375,0.0007266754261400951,0.007680482869000118,0.014633895261292173,0.019643917177464283,0.00892030639805485,0.0024005571197329998,0.015253163873935372,1.91179299986991e-05
Netherlands,0.8307370426167495,0.022267071345712642,0.023931454066864442,0.09894370316344647,0.00039057096623914417,0.018609968248884397,6.73440333739476e-05,6.603982358974823e-05,0.0001121631644299093,0.0006977909131633375,0.002989148833667969,2.5663804062185385e-05,0.00025584284996996404,0.00021294843319263502,0.0006930366048534443,2.1113180018421723e-07
New Zealand,0.8231225617178348,0.013324943431107421,0.06899922589868557,0.0007951712963568835,0.002513140467369696,0.04652878542499051,0.037850417025072865,2.5977902275076843e-05,0.0003831540783751294,0.0012185846334339093,0.001144490753073885,0.00015314022586120231,0.0008454667565061052,0.0019042695852114835,0.0011893580971889973,1.3127066565097052e-06
Nicaragua,0.2882249197973218,0.11165400579337395,0.14211314728098615,0.015197358834219665,0.06357239015358422,0.0694475255881634,0.0860461757670851,0.05530311689128842,0.049298599876919064,0.035664871617248094,0.07513388627261566,0.0019199228946328107,0.00484320275107694,0.0012418849303272666,0.0003347729785720757,4.21857258535974e-06
Niger,0.8431570068942749,0.038525454513720386,0.04091192805092078,0.01168950074804755,7.060309577034464e-06,5.361871865205472e-05,5.131661980947179e-05,0.0012402955646997876,0.0015402565757743729,0.009517267208690103,0.04649225916781548,0.002340707539806501,0.0028224203181644253,0.0014649991713326358,0.0001664761548958822,1.9432443818563443e-05
Nigeria,0.7049242937988431,0.03134910057927514,0.005900876927187879,0.08969218328568705,0.11395926209191837,0.02183122830508207,0.0022804741643167345,0.026452826223237958,6.0949334202178805e-05,0.0007479177072882115,0.0025630767124509017,7.07199326721156e-05,0.00012737578438118613,1.104771605696446e-06,3.85450678595118e-05,6.531399176949349e-08
Niue,0.21826891684576605,0.06054647025261481,0.32509431747681067,0.00023555837077385682,0.08250072127919145,0.1987142756451463,0.004681860998718936,0.002249825491967006,0.0006112505078426597,0.0006336845852760737,0.0001267078171658147,0.011785098870490332,0.01799440221861619,0.0093797363613022,0.06689406871688126,0.0002831045614362624
Norway,0.9094389893772551,0.011819650194096532,0.013489212882177947,0.05406545940804942,5.485097431109355e-05,0.0005550229756710367,0.0021374359374912266,1.4328766910465446e-07,0.00012648071968775654,0.0037655735384131755,0.0009791186667837248,0.001483632281102938,0.00013668201538913187,0.00041688285206714214,0.001529752450294979,1.1124395397670105e-06
Oman,0.626772665153508,0.05789994965950728,0.14974077686025364,0.014396891938008492,0.04264642076367099,0.00023202129412354066,3.698393933410424e-05,0.04749313774468479,0.00039982090882891485,0.05426055553023622,7.687999719384918e-05,0.00026452667830217637,0.004822760770225831,0.0003237360218389302,1.661130808814638e-05,0.0006162614321949136
Pakistan,0.015590716509176835,0.11364924667296723,0.16450110138134594,0.03314093211675386,0.6591485576546581,0.0006837893607353781,0.0008121593063620413,0.0004258855922282773,0.00022465799291050334,0.003485939088723735,0.002142281528454207,7.71782293246626e-05,0.0047461846446899825,0.00085783774647068,0.0005132786681068597,2.535070917755844e-07
Palau,0.1434881171387396,0.07783159512681598,0.5502198672391776,0.0019598593411244763,0.09223648570785681,0.005612373207271738,0.024583822347322256,0.0016370005510006655,0.029332917328524673,0.0006280539096350519,0.0520257981280668,0.00043678473508865126,0.018288132964541036,0.0016891047799931886,2.6503151728341896e-05,3.584343113111022e-06
Panama,0.541719094311983,0.017217259626894577,0.09307148531353558,0.07637119589081637,0.04421238135565533,0.00592835981911381,0.10461521184193871,0.03861003290184169,0.015534865088785932,0.018565821772954356,0.03159419797837362,0.010040783173299497,0.0010367468775391343,0.001454457720109612,2.7366798336409975e-05,7.395288224276318e-07
Papua New Guinea,0.5749238057320817,0.08032412287478714,0.12235894253946135,0.023230994988955183,0.025140948548797216,0.03874757028136621,0.012238669363539187,0.07247817442372048,0.004499630446802967,0.0008948976343798492,0.002152987347442226,0.031263467384252897,0.005632084816555105,0.00031135035520609073,0.005782479172606774,1.9874090045586225e-05
Paraguay,0.5880513089913534,0.03383804092057729,0.004136974501154939,0.0585286228971662,0.009062717392230697,0.1792838264446305,0.030157022857766558,0.022013174787680875,0.00027946367371362284,0.006453293762204464,0.03746560257487285,0.02563379394606795,6.868414823284816e-05,0.004932426014951685,8.548928141992219e-05,9.557805976120506e-06
Peru,0.08849338791627143,0.022583940986636537,0.18659881585186872,0.0010666017745395984,0.006159729297304685,0.010910100256022879,0.5384886643230749,0.04605500298345587,0.0050038692269295275,0.06545911403748453,0.023061852658135897,0.00037812627216581436,0.0006955677012888121,0.004631629735154465,0.0004134649594023635,1.3202026412774262e-07
Philippines,0.0038630637665952386,0.01387428172685427,0.5554978357496172,0.002168204261849487,0.05813529465208871,0.015434185765675653,0.06608524733775786,0.0598395496228757,0.007822485829383864,0.010045412460279467,4.074839257933661e-05,0.166171970001334,0.0001435405985671545,0.03709881244135823,0.0037479828147827902,3.138457840108777e-05
Poland,0.5802597114326129,0.048006792947996625,0.1582409522261451,0.01497971791177411,0.01780733382901293,0.13740070783251662,0.007710788103956393,0.017538204817183246,0.0006705747419810305,4.4279110758134876e-05,0.00898075016057612,0.0025643724048219426,0.0016749938662135478,0.001329258182233726,0.0027906026724817973,9.597597358527236e-07
Portugal,0.8558282797820115,0.031152119764751702,0.045641247120662275,0.00640573482454308,0.0009830358410197488,0.018562910852938937,0.024010450533361382,0.002795006523426147,0.00028450561257270415,1.796620042056043e-06,0.005040680876178405,0.008375992048486531,3.932598775046249e-05,9.043042097670515e-06,0.00086980833979804,6.223035950354964e-08
Qatar,0.4194526028851702,0.05785892414382067,0.18910518915063726,0.006493435263108114,0.05888557544731706,0.09825856753041713,0.05145577034033904,0.005397602096027792,0.0015760705047881388,0.06124482125548079,0.02004127499708976,0.01847381139128953,0.00018360642415297983,0.0063212648258495555,0.0052486773784458495,2.80636606597292e-06
Republic of Korea,0.6477307438976149,0.04764656553779251,0.18002515259215915,0.004667136782313689,0.03391055748409169,0.0016625342219099889,0.0025321655497506194,0.02163208637456863,0.0021888238324893044,0.0532108403390643,0.00010248101342071958,0.0022313442497890667,0.0006560986750685054,0.0005423000402750422,0.0012610097569633774,1.596527285346078e-07
Republic of Moldova,0.028205322631873638,0.003040815963082577,0.025108827326875697,0.7100053526140062,0.02278460875930608,0.021037994170471513,0.018378113149269865,0.026869571833146123,0.004885019125031683,0.05436405575613658,0.0003145684587356458,0.01519464992883781,0.06420846793052866,0.003844931977564351,0.0017025330214376336,5.516735369586248e-05
Romania,0.05256300020376878,0.04123237190169587,0.011096956473878277,0.17302396576076062,4.978876189411417e-05,0.03548879308092802,0.07842021818606627,0.04859471296170059,0.006343543743920985,0.06038960201114202,0.024384683279982076,0.005699785649875883,0.4334713500861325,0.02463465053806635,0.004597357145120149,9.220215067561694e-06
Russian Federation,0.02168704290002062,0.0033697693122600107,0.19747850129700184,0.5259765827350736,0.07084162283316026,0.0001369107882202163,0.09184591449853077,0.000357925101947721,0.00016512777720410158,0.02564914369107899,0.004279473517945194,0.027195375505367717,0.006185918768436161,0.02437553572754263,0.0004136002574478655,4.1555288762365545e-05
Rwanda,0.8398770653222769,0.010850288148095162,0.0025385877847489717,0.007360151675722686,0.0010960706348014074,0.02136788745979456,0.016720275825570317,0.009733108016082943,0.062456583053396464,0.000718864264854602,0.016195368925993877,0.0063134865552732,0.0006566299712515611,0.001891476860736768,0.002213909952854211,1.024554854636253e-05
Saint Kitts and Nevis,0.04708534082659022,0.01705192937654649,0.013588488078770286,0.10075301999273935,0.026594916651502154,0.11164067448194107,0.2173436381478507,0.07891057491236529,0.018128170291844013,0.20148024392080816,0.01146768970721858,0.01572631092032382,0.1315691935986304,0.00850083083790416,0.00015619134121457146,2.786913750737243e-06
Saint Lucia,0.5204846279493258,0.026266125055903224,0.0006978684155873611,0.001841166013140382,0.007360642935462216,0.011231367529436485,0.02210671358727274,0.05137456350528844,0.017736586239620218,0.2450826451831469,0.015572398662624809,0.07244765217742569,0.004611057871801656,0.0014466840132311262,0.0017398072549719007,9.360576096358037e-08
Saint Vincent and the Grenadines,0.39610603860318094,0.09040725398522591,0.04634098485320478,0.022240574867731948,0.002200372305666858,0.18241455207936413,0.0027305959051085434,0.027109265476972868,0.051685363400724944,0.017500179977494108,0.030147262562684216,0.00325490923282924,0.125936910923046,0.0018654247055496813,1.2019377103513942e-05,4.829174411211659e-05
Samoa,0.2167727853794475,0.04856340024719316,0.438300932352524,0.015514531965119817,0.06389941187389463,0.015293646031264128,0.058458104719741125,0.011095908524206981,0.07067724798003916,0.0011410859766925218,0.04498090244448323,0.004683513008686845,0.00028634856622869833,0.0034010354022723953,0.006927893204591402,3.2523236144051728e-06
San Marino,0.575825545293307,0.03615844323449104,0.0016730327351027509,0.12527216023906212,0.021581612884065956,0.000756053962764557,0.12417250060205207,0.013720607211489958,0.021513216201697157,0.0028807825910975053,0.013215806267450055,0.047691921513153004,0.002201750303180073,0.007947761743431193,0.005388000447268183,8.047703873789631e-07
Sao Tome and Principe,0.3277889996134212,0.1931294956432368,0.0027631272319201027,0.00615639456036846,0.01817501931968987,0.0007277586102469039,0.0874546661584188,0.029204970514158973,0.11217243800950415,0.029285279117928345,0.06422278207146634,0.06854218432660138,0.06033704666789728,1.1583249411277372e-08,2.1578726475053114e-05,1.8247845417139974e-05
Saudi Arabia,0.31665451415731977,0.000583351324423922,0.029956044112617243,0.3739091663401482,0.0068831451170362785,0.21154005581440763,0.015876690222527957,0.002202717076140078,0.004338855814199254,0.012990998628274566,0.001411557149006396,1.698524082889085e-05,0.0004666886740996218,0.023091085321508557,9.817022457849912e-06,6.832798500368159e-05
Senegal,0.5419975918256347,0.11315859092539829,0.06221161110031891,0.11816697441429662,0.018722603538033563,0.06985376773766977,0.0007952226628545055,0.01503970442351864,0.05804280584060772,0.00015325881684113743,0.00020623630868733545,0.0005169218850058176,1.0039296028881653e-05,0.0006267371058217997,0.0004975121380667567,4.219812155337255e-07
Serbia,0.31002184219274537,0.06025688759257535,0.00140418607022447,0.004568580006056627,0.02628414300727067,0.00031918329019237513,0.021366677756871167,9.541780447555948e-05,0.23184970337579514,0.018692018745946507,0.25986152318491873,1.2618674461640309e-05,0.0012189370186629167,0.014001322141970132,0.05003416232266086,1.279681517242312e-05
Seychelles,0.2746509210414997,0.0030945346395509807,0.11217364454769907,0.1857493372791173,0.003784132037564982,0.13261484509395674,0.11452672756093323,0.0258402193131685,0.015650686576992742,0.018675192220048834,0.0016574820507663632,0.03651754268380408,0.06454085873954578,0.0010317111294366333,0.00948973537355407,2.4297123610647053e-06
Sierra Leone,0.8855047539964709,0.0011913145987459126,0.04711695226260349,0.0020489789635418846,0.0022939175874371457,0.009360723875838807,0.005927276860516112,0.027082024160084428,0.005081848776448194,0.002508552403441588,0.003210745267330334,0.006063151090025659,2.1474226371100136e-05,0.0003318970727058598,0.0022154512712380795,4.093758720049694e-05
Singapore,0.7737924735809489,0.0004044271162562232,0.0026737570109925317,0.03286707175492896,0.006741447222154825,0.019566257701311065,0.10080413704268444,0.002976211913362733,0.0005542430452933001,0.005472610988298619,0.0008667007473663731,0.00955109689392497,0.04201701601336868,0.00010346628614058208,0.0016081463538474934,9.363291201147932e-07
Slovakia,0.5981683576339581,0.00448672953585331,0.1360039599167465,7.68157112460978e-06,0.008693083300395543,0.16204054071688861,0.0012906927088618524,0.05254910754980785,0.0013205405445446416,4.88109456976988e-06,0.0012440346975594386,0.00036329089706344094,0.02416379713949915,0.008236375332104058,0.0014260958235129762,8.315375101295382e-07
Slovenia,0.7689761595484214,0.039830501176789726,0.07846397221760637,0.043446461736734165,0.010049423874871457,0.030497892913191153,0.017984448350186238,0.00197502432161315,4.2967553421624974e-06,3.6650475400345244e-06,0.0020105528815123363,0.000432757998862444,0.00529161837681507,0.0008544181444461713,0.00017673380543484172,2.072850633477411e-06
Solomon Islands,0.1821753453724638,0.01103435544081869,0.5998405210634684,0.00035450582502295856,0.06993458304951526,0.005159778494790015,0.030392218372299246,3.904712358444371e-05,0.011408570762775926,0.01020224060974979,0.00032383396216344157,0.05359800220579317,5.851611413191935e-06,0.02227807200566234,0.0032494902815707674,3.5838189085029087e-06
Somalia,0.7261859462917896,0.08086123865543107,0.01984628614014531,0.014864375624413898,0.006553581023613008,0.00018504097904065817,0.005580479151907747,0.055983127679090576,0.04255118290813801,0.040260918094560214,0.0005924528902922614,0.0009697802684418986,0.0031387159652728268,0.002325102658982149,0.00010155186673038465,2.1980215035273262e-07
South Africa,0.12795907853832042,0.7410413263468096,0.012586320963215304,0.00876992456244715,0.017327857717898416,0.0023368704058444297,0.0001388785018583605,0.0021964340046032216,0.03287862464690203,0.020331961441502733,0.020668702396582035,0.012638505076959006,9.833586303787085e-05,0.0005625692314502813,0.00045173797234911097,1.2872330220053114e-05
Spain,0.8803808041646081,0.018171035778450202,0.007244759598222168,0.06316682402293007,0.0004302783403645586,0.00825508058197589,0.008691552065588746,0.0015112613236927812,0.0006316220299859592,0.0015455545718034635,0.0010338149965902323,0.005066903368998021,3.336474238574285e-05,0.003754760654276915,8.238179615514764e-05,1.963972014900331e-09
Sri Lanka,0.22605121615184595,0.05728735153733375,0.010298073698993764,0.00020713335701154093,0.00018268263275468002,0.004811964446346006,0.06672028127975302,0.23787226856863614,0.0014792402584290153,0.03888171494998499,0.03838419974436764,0.12169623529474335,0.06590472506822544,0.04965214465726334,0.08048608401525563,8.468433905581587e-05
Sudan,0.5636221312016453,0.09081097764739515,0.029937607803950227,0.006846717066424494,0.006673882510481568,0.15946498581275528,0.08163440052489773,0.0016998958644027925,0.03683424358653641,0.0023732316205047513,0.016196527031567723,0.0011805332906085883,0.0012290696018664661,0.00028453104985297806,0.0012112613679299625,4.019180739703074e-09
Suriname,0.01105009322170887,0.08955345125400178,6.919247455203136e-05,0.40207039139321116,0.009025036812271708,0.06848394080653612,0.04939707888479678,0.008826306006274452,0.12676494205784805,0.02576417680780763,0.021706438443876833,0.09334064233995833,0.09103201930991425,0.0024244244781153577,0.00042132239992172563,7.054330920488977e-05
Swaziland,0.33293047621354455,0.5627253990168254,0.03539996313030427,0.0016205389501821076,0.0039656795324766875,0.0011743683335928162,0.032958110331268005,9.034857911118668e-05,0.01688419798358,0.0029361857666629918,0.007908724253861068,2.47433219412117e-05,6.736570761318069e-05,0.001252378007493533,6.069007239495934e-05,8.307991481145965e-07
Sweden,0.8639877350908662,0.00451235672926918,0.007251876630232325,0.09635648465386379,0.004530165381072829,1.0244633606086221e-05,0.007853957065050645,0.0013997390118224058,4.91893099718488e-07,0.006526676604692954,0.0001852033277938054,0.002608292728095439,2.9180494911610116e-05,0.0019072496191199497,0.0028401443142795717,2.0182222341051283e-07
Switzerland,0.9166760067436874,0.010376281874144792,0.0007675784576489224,0.038711818164025795,4.674486575045011e-05,0.018422201131559384,0.0016042960364866204,0.008690615584896673,0.0003633308041111351,0.0025825942921424,0.0007790344757763004,3.683832017440514e-06,8.836892363607858e-07,0.0003346694008969094,0.0006369346026163169,3.3260450031988286e-06
Syrian Arab Republic,0.23443371071921607,0.08357566027044629,0.4803181819308459,0.03142958311423572,0.07278467534071434,0.04538134311175391,0.018252651280581594,5.334470674037976e-05,0.009612605825710654,0.01757615540531811,0.0013173791705028152,0.004098828592485697,0.0006426037142621038,0.00016369595674434984,0.0003571283709798829,2.4524894622197516e-06
Tajikistan,0.09495925569054077,0.1757740584291729,0.2482249077653275,0.2909737169356475,0.036798922194134207,0.03215041174949572,0.0008993697233777426,0.1010617214706292,0.001655576160278386,0.0070943305521138506,0.0026185348845700067,0.0016750523241068598,0.0009831446375324425,0.0006343181052281147,0.004490875381160134,5.803996684529252e-06
Thailand,0.06608078411472681,0.031001303577957988,0.05229544594333531,0.04197604089569114,0.011813715212638727,0.006599803409522787,0.23081937999739985,0.2547280786141395,0.09863695148591946,0.0036839554870716318,0.029593231843322222,0.10566270447403826,0.035951862329922,0.01140017814163303,0.019755746602041463,8.178706398446029e-07
The former Yugoslav Republic of Macedonia,0.4342614203455422,0.0024938295467213435,5.1001079132111544e-05,0.0045970107658617546,0.002196755597071597,0.274655892658141,0.20039458836769486,0.02428343571684814,0.025415734587769242,0.007426396255076538,0.0026252173199615867,0.00013367296127766157,0.02129700738574894,0.00016353246139364262,1.2544365812245686e-06,3.250515178155161e-06
Timor-Leste,0.43618694337862224,0.022910296648177352,0.09068321121495564,0.0006666299814978266,0.011908453539943072,0.009184866876501493,0.06691913146133137,0.1058974356284898,0.14461799005189271,0.024028310193155537,0.011605235757844272,0.05752488468919771,0.01604255875652145,0.0017970991868180345,2.6602984500404557e-05,3.4965055112913446e-07
Togo,0.683923393935946,0.009204600681333022,0.03792832214793571,0.11058302609547287,0.010960207987197568,0.05238379225449565,0.00720844141396502,0.016088413407969446,0.05659793569699508,0.008692829717414387,0.0009269119776236184,0.003155789895633272,0.0013175226866866878,0.00015254024525754675,0.00087600599524494,2.6586082904280747e-07
Tonga,0.2792857450112929,0.05906277816930913,0.3434993522557434,0.040043309721087654,0.058520803365545784,0.0009921119636814506,0.11685550522139183,0.0010892729696678816,0.0005346842194006491,0.0012204807015738556,0.07895058418696407,0.01597585946183048,0.0036881785473131894,0.00026281220684275757,2.745933668238063e-06,1.5776064686675907e-05
Trinidad and Tobago,0.4852900820857465,0.08690197727783365,0.0370078205782517,0.0001304153727226112,0.0035548767743231375,0.009163466089509785,0.0870396337248013,0.06719893006323624,0.020391844929215287,0.14079436502973272,0.049277183421810616,0.01075044969555786,0.0014280636687446803,0.0006030308411272004,0.00046785723265940814,3.2147273846911096e-09
Tunisia,0.5003633925097157,0.032895853916610845,0.05731881038719875,0.20198837532100308,0.001324098910012726,0.12789251875249807,0.046947815516495545,0.004637603436593469,0.001030474820141879,0.008673234880292672,0.0029903006171187953,0.0025403766026385523,0.0003978770811512785,0.010381663603440146,0.0006006304091322624,1.69732359560838e-05
Turkey,0.192731948276042,0.22301440775127704,0.28793176646633506,0.11399912248682466,0.04433281694928474,0.02525434421581936,0.020204895810645385,0.05400370870288522,0.009186473215319286,0.0013001243448557596,0.004281209603027825,0.019682063367189265,0.0021654397047839572,7.902327703286851e-06,0.0019002663312226637,3.5104467845731975e-06
Turkmenistan,0.09923403817034435,0.13225893596068325,0.12041774168434641,0.4532886624734487,0.008210127992185422,0.04452394667023803,0.02734079264715274,0.1099150831500902,0.0015059637383394386,0.0005021519595292331,5.7656792946891276e-06,0.0009294056927931921,0.00019949630696046292,0.0011487865437865554,0.000518063600250069,1.037730557219353e-06
Tuvalu,0.23306004739716832,0.0008944325895763422,0.16026569783516176,0.08303753756660316,0.011209540577643971,0.14691705319875734,0.00920697292018143,0.002629459338726084,0.09935583023175719,0.046184482725754476,0.0009364638914480725,0.14882430505616578,0.024733806208209867,0.008918771616044655,0.02382485152275035,7.473240512202721e-07
Uganda,0.8658463265206774,0.008998978810369998,0.009992455930397758,0.005257483341403155,0.0021947136130478803,0.007347720616130835,0.0064313854166813175,0.0011652574103799837,0.06518049759685604,0.007014500466571174,0.0027276178469122993,0.0014095504551497621,0.0011043641979733036,0.005928971539513553,0.009398030766626835,2.145471308610517e-06
Ukraine,0.012728635631434126,0.02370656781308488,0.14488405564439072,0.6545396735501601,0.06272576708244669,0.02241378983345394,0.03759269015494318,0.026506685903246705,0.002633868038278593,0.0006388804057738088,2.7198221094401728e-06,0.0028280556933855568,5.521083121074713e-06,0.005481178434962854,0.0033076821438270377,4.228765381374344e-06
United Arab Emirates,0.5825875103871487,0.005815768752414307,0.011838867076512601,0.1625510489517107,0.006610512869902503,0.13566638315129487,0.0006852429043664783,0.004807309203110991,0.0041808924443763225,0.03356751058618492,0.006920432350593495,0.011881388191705438,0.0015349195903217167,0.030586512100466888,0.0007171713248310759,4.853011505884509e-05
United Kingdom,0.8617548993833437,0.012493883083083827,0.005108529314210115,0.10453266224201689,0.0004342116772287175,0.012101574367033626,6.030618566170904e-07,1.0291351199623686e-05,1.7743179777078098e-05,0.0005419634903523722,0.0016386209729797026,0.00023870060480697469,3.408060774421506e-05,0.00018437764658268307,0.0009075909592626189,2.68058521179908e-07
United Republic of Tanzania,0.8331342166101678,0.020774443750368726,0.001850997211475378,0.0066292790801023545,0.005540186097615459,4.67206486444683e-05,0.0012847083313274321,0.018684546791205875,0.08410414708550222,0.021395334569631302,0.0016055381082299871,0.0006953102402858449,0.0009205576357731664,1.4342051009020942e-06,0.0033310017043783444,1.5779301906842461e-06
United States of America,0.8647245143632286,0.025731027941612646,0.05524374305285359,0.0019042749798882088,0.005592182792632562,0.029043776405248644,0.00030494937030408026,0.0035150436037806525,0.002948701836588892,0.004816322790875197,0.004602631806617629,2.6238152569286955e-05,3.0472536532347814e-06,0.001540898084946442,2.197146585234715e-06,4.504186151187077e-07
Uruguay,0.6667341145751019,0.031425845302484684,0.1738003141348382,0.03504865967220931,0.006525716721091328,0.02410993099532004,0.04757827295533133,0.00011825668107359627,0.006083312058008596,0.004542687959407122,0.0011278463784375917,0.0010131184657393756,0.0006763957027411821,9.2845891862612e-05,0.001118884185485573,3.798320867515462e-06
Uzbekistan,0.0011186481074557549,0.18471018079411192,0.26481391462834064,0.4282988098657058,0.030322945520307454,0.006771549566155378,0.0007352212156043167,0.06423181292832962,0.0026653664717814266,0.009518329575273383,0.003135617425765029,0.00248923723980433,0.00022075652047661554,0.00020949361976578513,0.0007561947272400201,1.9217938826261712e-06
Vanuatu,0.10071344640022122,0.1224481952515425,0.5882877945131069,0.010339516733563146,0.11846449921879837,0.003691189486562914,0.0003824506334157165,0.009511538450431664,0.030778455156631173,0.002170475258393709,0.005601566297685299,0.0004575823445902826,0.00257284390396676,0.002928707499896793,0.0016477747173547364,3.9641338388503355e-06
Venezuela,0.7115171373487327,0.008589941641640064,0.008561926648556666,4.9090249415258696e-05,0.0013049354691075756,0.027392714614339952,0.002317223572679462,0.15635437447749229,0.025576724858991196,0.0032493300447123275,0.023124566258719444,0.00765033959222795,0.022759387480892252,2.6263015519149226e-06,0.0015493912372245887,2.902037161578667e-07
Viet Nam,0.16320371312808107,0.04998727192500641,0.008405819025477141,0.08937993506512111,0.00213739003818734,1.4186714106423875e-05,0.009304373189525948,0.20710734483071325,0.35099050565223017,0.06745873746814865,0.03657427245127322,0.010337936513832073,0.003996966617508748,0.0010795102643475563,2.0999570973671843e-05,1.037545467223836e-06
Yemen,0.4416693900718075,0.3149193612932396,0.05308780780193867,0.08164503303089388,0.04120486092635951,0.0004666952299398453,0.008695573923019572,0.01596710879058316,0.00012548454778174646,0.005385797625165945,0.008518276226741787,0.005075892651366799,0.00915500658461132,0.014081869566017195,1.8381346637391043e-06,3.595869556146768e-09
Zambia,0.7141697854969475,0.09721002016373241,0.036697371719448584,0.006371600345526925,0.00554369845051273,0.00385577846955885,0.002694406004733467,0.004881201608979969,0.06002113127274011,0.05168038044413255,0.006670513921261372,0.008277846930329283,0.0002057904079146512,0.0017129278611959786,7.429556898567472e-06,1.1734608709639426e-07
Zimbabwe,0.5624380431244489,0.3337189746411442,0.04926508890157007,0.0006677285208190097,0.0010073928548679158,0.0018119375679085004,2.28320223521802e-06,0.009079608178494283,0.0029209976123977617,0.00038925817903305343,0.03211126678381679,0.0016165870924404627,0.0012704493274082766,0.0027554900154445464,0.0009428693918208123,2.0246061501716814e-06
